<?xml version="1.0" encoding="UTF-8"?>
<!DOCTYPE configuration PUBLIC "-//mybatis.org//DTD Config 3.0//EN"
        "http://mybatis.org/dtd/mybatis-3-config.dtd">
<configuration>
    <typeAliases>
        <!--클래스 alias가 들어갈 공간-->
        <!--설정 해 놓으면 user로 경로 설정 가능-->
        <typeAlias type="com.example.board_back.user.model.vo.User" alias="user"></typeAlias>
        <typeAlias type="com.example.board_back.board.model.vo.Board" alias="board"></typeAlias>
        <typeAlias type="com.example.board_back.comment.model.vo.Comment" alias="comment"></typeAlias>
    </typeAliases>
</configuration>
