<?xml version="1.0" encoding="UTF-8"?>
<!DOCTYPE mapper PUBLIC "-//mybatis.org//DTD Mapper 3.0//EN"
        "http://mybatis.org/dtd/mybatis-3-mapper.dtd">

<!--sql 쓰는 장소-->
<mapper namespace="Board">
    <select id="list" resultType="board">
        SELECT board_no, board_title, board_detail, board_time FROM board_tb
    </select>

    <select id="detail" parameterType="int" resultType="board">
        SELECT * FROM board_tb WHERE board_no = #{boardNo}
    </select>

    <insert id="insert" parameterType="board">
        INSERT INTO board_tb VALUES (seq_boardno.NEXTVAL, #{board_title}, #{board_detail}, default, #{user_no}, 1)
    </insert>

    <update id="update" parameterType="board">
        UPDATE board_tb SET board_title = #{board_title}, board_detail = #{board_detail} WHERE board_no = #{board_no}
    </update>

    <delete id="delete" parameterType="int">
        DELETE FROM board_tb WHERE board_no = #{boardNo}
    </delete>
</mapper>
