<?xml version="1.0" encoding="UTF-8"?>
<!DOCTYPE mapper PUBLIC "-//mybatis.org//DTD Mapper 3.0//EN"
        "http://mybatis.org/dtd/mybatis-3-mapper.dtd">

<!--sql 쓰는 장소-->
<mapper namespace="Comment">

    <select id="detail" resultType="comment">
        SELECT * FROM comment_tb WHERE board_no = #{boardNo}
    </select>

    <insert id="insert" parameterType="comment">
        INSERT INTO comment_tb VALUES (seq_commentno.NEXTVAL, #{user_no}, #{board_no}, #{comment_detail}, default)
    </insert>

    <update id="update" parameterType="comment">
        UPDATE comment_tb SET comment_detail = #{comment_detail} WHERE comment_no = #{comment_no}
    </update>

    <delete id="delete" parameterType="int">
        DELETE FROM comment_tb WHERE comment_no = #{comment_no}
    </delete>
</mapper>
