<?xml version="1.0" encoding="UTF-8"?>
<!DOCTYPE mapper PUBLIC "-//mybatis.org//DTD Mapper 3.0//EN"
        "http://mybatis.org/dtd/mybatis-3-mapper.dtd">

<!--sql 쓰는 장소-->
<mapper namespace="User">
    <insert id="join" parameterType="user">
        insert into user_tb values(seq_userno.nextval, #{user_name}, #{user_id}, #{user_pwd}, #{user_phone}, #{user_email}, default, #{user_address})
    </insert>
    <select id="login" resultType="user">
        select * from user_tb where user_id=#{user_id} and user_pwd=#{user_pwd}
    </select>
    <update id="update" parameterType="user">
        update user_tb set user_name=#{user_name}, user_id=#{user_id}, user_pwd=#{user_pwd},
                           user_phone=#{user_phone}, user_email=#{user_email}, user_address=#{user_address} where user_no=#{user_no}
    </update>
    <select id="selectOne" resultType="user">
        select * from user_tb where user_no=#{user_no}
    </select>
</mapper>
